Title,Company,Reward,Link
Flutter 앱 개발자 (3년 이상),에픽코퍼레이션,합격보상금 100만원,https://www.wanted.co.kr/wd/223522
프론트엔드(Flutter) 개발자,컨두잇,합격보상금 100만원,https://www.wanted.co.kr/wd/199372
Flutter 개발자,엔코위더스,합격보상금 100만원,https://www.wanted.co.kr/wd/224483
Flutter 개발,개념원리,합격보상금 100만원,https://www.wanted.co.kr/wd/167521
Flutter 앱 개발자,비사이드코리아,합격보상금 100만원,https://www.wanted.co.kr/wd/120367
플러터 개발자 (3년 이상),다이노즈,합격보상금 100만원,https://www.wanted.co.kr/wd/203296
"프론트엔드 ( Flutter, Next js ) 개발자 JD",용감한파커들,합격보상금 100만원,https://www.wanted.co.kr/wd/214491
Flutter 앱 개발자,테일크루(Talecrew),합격보상금 100만원,https://www.wanted.co.kr/wd/226057
Flutter 앱 개발자 (3년 이상),에픽코퍼레이션,합격보상금 100만원,https://www.wanted.co.kr/wd/223522
프론트엔드(Flutter) 개발자,컨두잇,합격보상금 100만원,https://www.wanted.co.kr/wd/199372
Flutter 개발자,엔코위더스,합격보상금 100만원,https://www.wanted.co.kr/wd/224483
Flutter 개발,개념원리,합격보상금 100만원,https://www.wanted.co.kr/wd/167521
Flutter 앱 개발자,비사이드코리아,합격보상금 100만원,https://www.wanted.co.kr/wd/120367
플러터 개발자 (3년 이상),다이노즈,합격보상금 100만원,https://www.wanted.co.kr/wd/203296
"프론트엔드 ( Flutter, Next js ) 개발자 JD",용감한파커들,합격보상금 100만원,https://www.wanted.co.kr/wd/214491
Flutter 앱 개발자,테일크루(Talecrew),합격보상금 100만원,https://www.wanted.co.kr/wd/226057
Flutter 모바일 개발자,헥슬란트,합격보상금 100만원,https://www.wanted.co.kr/wd/224847
React Typescript / Flutter 개발자,에이로직,합격보상금 100만원,https://www.wanted.co.kr/wd/226170
플러터 개발자 (3년 이상),더블유클럽,합격보상금 100만원,https://www.wanted.co.kr/wd/73811
Flutter 개발자,코보시스,합격보상금 100만원,https://www.wanted.co.kr/wd/99737
Flutter 개발자,섬재,합격보상금 100만원,https://www.wanted.co.kr/wd/225732
Flutter 개발자 (iOS/Android),네이션에이,합격보상금 100만원,https://www.wanted.co.kr/wd/222075
[600억↑투자] Mobile (Flutter) 개발자 (4년 이상),큐픽스,합격보상금 100만원,https://www.wanted.co.kr/wd/207359
크로스플랫폼 앱 개발자(Flutter) (SW팀),이노버스,합격보상금 100만원,https://www.wanted.co.kr/wd/214854
플러터 개발자,비밀리,합격보상금 100만원,https://www.wanted.co.kr/wd/170344
Flutter 모바일 개발,버터플라잉,합격보상금 100만원,https://www.wanted.co.kr/wd/215084
Flutter 교육 콘텐츠 제작자,엘리스,합격보상금 100만원,https://www.wanted.co.kr/wd/197773
Front-end 개발자(Flutter/앱) (7년이상),먼슬리키친,합격보상금 100만원,https://www.wanted.co.kr/wd/216792
Flutter 개발자 (병역특례_현역/보충역),넛지헬스케어(캐시워크),합격보상금 100만원,https://www.wanted.co.kr/wd/168259
"Staff, Flutter Engineer (Coupang Eats)",쿠팡,합격보상금 100만원,https://www.wanted.co.kr/wd/226412
렌탈 서비스 개발 프로젝트 Flutter 개발자 (고급),이그레브,합격보상금 100만원,https://www.wanted.co.kr/wd/226388
Flutter App 개발자,제네시스네스트,합격보상금 100만원,https://www.wanted.co.kr/wd/226325
모바일 앱 소프트웨어 개발 (Flutter / iOS / Android),블록체인랩스,합격보상금 100만원,https://www.wanted.co.kr/wd/138923
"프론트엔드 개발 엔지니어 (React, Flutter)",크로커스,합격보상금 100만원,https://www.wanted.co.kr/wd/223111
"프론트엔드 / 모바일 (Vue, Flutter) 엔지니어",드래프티파이,합격보상금 100만원,https://www.wanted.co.kr/wd/220132
Flutter 개발자,블리몽키즈,합격보상금 100만원,https://www.wanted.co.kr/wd/222392
Flutter 개발자 (신입),파마브로스,합격보상금 100만원,https://www.wanted.co.kr/wd/225137
Flutter 모바일 개발,인피니티익스체인지코리아,합격보상금 100만원,https://www.wanted.co.kr/wd/222156
플랫폼 Flutter 개발자,브랜드엑스피트니스,합격보상금 100만원,https://www.wanted.co.kr/wd/223609
Flutter 애플리케이션 개발,코리아런드리,합격보상금 100만원,https://www.wanted.co.kr/wd/224862
"Flutter 앱 개발자 (Flutter, AOS, IOS)",유리프트,합격보상금 100만원,https://www.wanted.co.kr/wd/224312
모바일 앱(Flutter) 신입 개발자,외식인,합격보상금 100만원,https://www.wanted.co.kr/wd/224239
플러터 개발자,모노리스,합격보상금 100만원,https://www.wanted.co.kr/wd/194856
프론트엔드 개발자 (Flutter),111퍼센트,합격보상금 100만원,https://www.wanted.co.kr/wd/218337
Flutter(Android) 엔지니어 (전문연 가능),아이엠랩(I.M.LAB),합격보상금 100만원,https://www.wanted.co.kr/wd/220299
[100억↑투자] Mobile App Developer(Flutter),아임웹,합격보상금 100만원,https://www.wanted.co.kr/wd/182668
프론트엔드(web/플러터) 엔지니어 (제주본사/판교근무),피플밤,합격보상금 100만원,https://www.wanted.co.kr/wd/220848
플러터 개발자,피에트(FIET),합격보상금 100만원,https://www.wanted.co.kr/wd/209183
Flutter 앱 개발자,엘에스엠케이(LSMK),합격보상금 100만원,https://www.wanted.co.kr/wd/214936
모바일/웹 클라이언트(flutter) 개발자(1년),스쿨버스,합격보상금 100만원,https://www.wanted.co.kr/wd/201909
[500억↑투자] 프론트엔드 개발자 (React-native / flutter),아파트멘터리,합격보상금 100만원,https://www.wanted.co.kr/wd/165183
플러터 개발자 (2년 이상),한국모바일결제,합격보상금 100만원,https://www.wanted.co.kr/wd/215537
아파트사업본부 APP(아보카도)개발 - Junior (flutter),더즌(dozn),합격보상금 100만원,https://www.wanted.co.kr/wd/207323
클라이언트팀 Flutter 개발자,로완,합격보상금 100만원,https://www.wanted.co.kr/wd/209205
